nr,city,title,description,tags,location,contact,latitude,longitude,geo
5,Civitella Roveto,P.A. Croce Verde Civitella Roveto (AQ),"Servizio di consegna a domicilio di farmaci e beni di prima necessità per le categorie più a rischio (anziani, affetti da patologie croniche, immunodepress) residenti nella Valle Roveto.", Pronto farmaci e/o spesa,"41.916026, 13.426898","This is a post from ANPAS.
See https://anpas.ushahidi.io/posts/5 for details.",41.916026,13.426898,
6,Alba Adriatica,P.A. Croce Bianca Alba Adriatica (TE),Consegna farmaci nel territorio del comune di Alba Adriatica in collaborazione con il Centro Operativo Comunale., Pronto farmaci e/o spesa,"42.834342, 13.927816","This is a post from ANPAS.
See https://anpas.ushahidi.io/posts/6 for details.",42.834342,13.927816,
7,Teramo,P.A. Croce Bianca Teramo (TE),"Consegna a domicilio di farmaci e generi alimentari sul territorio di Teramo, in collaborazione con il Centro Operativo Comunale.", Pronto farmaci e/o spesa,"42.658118, 13.699625","This is a post from ANPAS.
See https://anpas.ushahidi.io/posts/7 for details.",42.658118,13.699625,
8,Mosciano Sant'Angelo,P.A. Soccorso Amico di Mosciano Sant'Angelo (TE),"Consegna a domicilio di farmaci e beni di prima necessità nel territorio di Mosciano Sant'Angelo, in collaborazione con il Centro Operativo Comunale.", Pronto farmaci e/o spesa,"42.746847, 13.888296","This is a post from ANPAS.
See https://anpas.ushahidi.io/posts/8 for details.",42.746847,13.888296,
9,Pineto,P.A. Pros Pineto (TE),Consegna farmaci sul territorio di Pineto in collaborazione con il Centro Operativo Comunale., Pronto farmaci e/o spesa,"42.607318, 14.067329","This is a post from ANPAS.
See https://anpas.ushahidi.io/posts/9 for details.",42.607318,14.067329,
10,Castellalto,P.A. Croce Gialla Vomano (TE),"Consegna a domicilio di farmaci e generi alimentari sul territorio di Castellalto, in collaborazione con il Centro Operativo Comunale.", Pronto farmaci e/o spesa,"42.629129, 13.850844","This is a post from ANPAS.
See https://anpas.ushahidi.io/posts/10 for details.",42.629129,13.850844,
11,Martinsicuro,P.A. Croce Verde Villa Rosa (TE),"Consegna a domicilio di farmaci nel territorio di Martinsicuro, in collaborazione con il Centro Operativo Comunale.", Pronto farmaci e/o spesa,"42.850987, 13.921552","This is a post from ANPAS.
See https://anpas.ushahidi.io/posts/11 for details.",42.850987,13.921552,
12,Morro D'oro,P.A. Protezione civile Morro D'Oro (TE),"Consegna a domicilio di farmaci, generi alimentari e mangimi per animali sul territorio di Morro d'oro, in collaborazione con il Centro Operativo Comunale.", Pronto farmaci e/o spesa,"42.663744, 13.919497","This is a post from ANPAS.
See https://anpas.ushahidi.io/posts/12 for details.",42.663744,13.919497,
13,Ocre,P.A. Protezione Civile di Ocre (AQ),"Servizio di SPESA e FARMACI a domicilio in collaborazione con il Comune di Ocre, per anziani e coloro che non possono muoversi di casa. Servizio è ATTIVO il MARTEDÌ e il VENERDÌ. Telefonare il giorno precedente entro le ore 16 e 30", Pronto farmaci e/o spesa,"42.277404, 13.468165","This is a post from ANPAS.
See https://anpas.ushahidi.io/posts/13 for details.",42.277404,13.468165,
14,Montereale,P.A. Montereale (AQ),"Servizio di consegna a domicilio farmaci e spesa in collaborazione con il Comune, esteso a tutti gli anziani e pazienti con pluripatologia (dal lunedì al venerdì) sul territorio di Montereale e Capitignano.", Pronto farmaci e/o spesa,"42.525095, 13.244072","This is a post from ANPAS.
See https://anpas.ushahidi.io/posts/14 for details.",42.525095,13.244072,
15,Villamagna,P.A. Teate Soccorso (CH),"Consegna farmaci, generi alimentari o beni di prima necessità per i cittadini del territorio di Chieti costretti a rimanere a casa. Il servizio si può richiedere dal lunedì al sabato fino alle ore 20.00.", Pronto farmaci e/o spesa,"42.328941, 14.23611","This is a post from ANPAS.
See https://anpas.ushahidi.io/posts/15 for details.",42.328941,14.23611,
16,Citta' Sant'Angelo,P.A. Croce Angolana (PE),"Consegna a domicilio di farmaci, spesa e beni di prima necessità sul territorio di Città S.Angelo in collaborazione con il Centro Operativo Comunale.", Pronto farmaci e/o spesa,"42.518144, 14.059203","This is a post from ANPAS.
See https://anpas.ushahidi.io/posts/16 for details.",42.518144,14.059203,
17,San Martino Buon Albergo,Croce Blu Verona,consegna a domicilio di farmaci e beni di prima necessità, Pronto farmaci e/o spesa,"45.421687, 11.09689","This is a post from ANPAS.
See https://anpas.ushahidi.io/posts/17 for details.",45.421687,11.09689,
18,Valtournenche,Pubblica assistenza Valtournenche,consegna a domicilio di farmaci e beni di prima necessità, Pronto farmaci e/o spesa,"45.876979, 7.622792","This is a post from ANPAS.
See https://anpas.ushahidi.io/posts/18 for details.",45.876979,7.622792,
19,Gaiba,Croce Blu Gaiba,consegna a domicilio di farmaci e beni di prima necessità, Pronto farmaci e/o spesa,"44.946179, 11.480207","This is a post from ANPAS.
See https://anpas.ushahidi.io/posts/19 for details.",44.946179,11.480207,
20,San Giustino,Croce Bianca Tifernate,"consegna a domicilio di spesa, farmaci, beni di prima necessità e sacchi raccolta differenziata", Pronto farmaci e/o spesa,"43.549024, 12.175575","This is a post from ANPAS.
See https://anpas.ushahidi.io/posts/20 for details.",43.549024,12.175575,
21,Bussi sul tirino,P.A. Bussi Soccorso (PE),Consegna farmaci sul territorio di Bussi sul Tirino in collaborazione con la farmacia comunale e i medici di base., Pronto farmaci e/o spesa,"42.213035, 13.826202","This is a post from ANPAS.
See https://anpas.ushahidi.io/posts/21 for details.",42.213035,13.826202,
22,Spoleto,Croce Verde Spoleto,consegna a domicilio farmaci e beni di prima necessità, Pronto farmaci e/o spesa,"42.735512, 12.736336","This is a post from ANPAS.
See https://anpas.ushahidi.io/posts/22 for details.",42.735512,12.736336,
23,Colle di Val D'Elsa,Associazione Pubblica Assistenza Colle di Val D'Elsa,"consegna a domicilio di spesa, farmaci e beni di prima necessità", Pronto farmaci e/o spesa,"43.422646, 11.126394","This is a post from ANPAS.
See https://anpas.ushahidi.io/posts/23 for details.",43.422646,11.126394,
24,Scandicci,P. A. Humanitas Scandicci,"consegna a domicilio di spesa, farmaci e beni di prima necessità", Pronto farmaci e/o spesa,"43.75671, 11.184762","This is a post from ANPAS.
See https://anpas.ushahidi.io/posts/24 for details.",43.75671,11.184762,
25,Villasimius,Volontari Soccorso Villasimius Costa Sud Est,consegna a domicilio di farmaci e beni di prima necessità, Pronto farmaci e/o spesa,"39.14314, 9.520854","This is a post from ANPAS.
See https://anpas.ushahidi.io/posts/25 for details.",39.14314,9.520854,
26,Pagani,Papa Charlie Pagani,Servizio di consegna a domicilio di farmaci e beni di prima necessità, Pronto farmaci e/o spesa,"40.769428, 14.597793","This is a post from ANPAS.
See https://anpas.ushahidi.io/posts/26 for details.",40.769428,14.597793,
27,Grottaminarda,Pubblica Assistenza Grottaminarda,Servizio di consegna a domicilio di farmaci e beni di prima necessità. Mattina orario 10-12 Pomeriggio 16-18, Pronto farmaci e/o spesa,"41.06972, 15.058945","This is a post from ANPAS.
See https://anpas.ushahidi.io/posts/27 for details.",41.06972,15.058945,
28,Simaxis,AVS Simaxis,consegna a domicilio farmaci e beni di prima necessità, Pronto farmaci e/o spesa,"39.930347, 8.692127","This is a post from ANPAS.
See https://anpas.ushahidi.io/posts/28 for details.",39.930347,8.692127,
29,Roma,K9 Rescue Italia Roma,Servizio di consegna a domicilio di farmaci e beni di prima necessità, Pronto farmaci e/o spesa,"41.89332, 12.482932","This is a post from ANPAS.
See https://anpas.ushahidi.io/posts/29 for details.",41.89332,12.482932,
30,Badesi,Croce Azzurra Badesi,consegna a domicilio di farmaci e beni di prima necessità, Pronto farmaci e/o spesa,"40.965069, 8.884216","This is a post from ANPAS.
See https://anpas.ushahidi.io/posts/30 for details.",40.965069,8.884216,
31,Osilo,AVPC Protezione Civile Osilo,consegna a domicilio di farmaci e beni di prima necessità, Pronto farmaci e/o spesa,"40.744063, 8.671115","This is a post from ANPAS.
See https://anpas.ushahidi.io/posts/31 for details.",40.744063,8.671115,
32,Casalgrande,EMA Ambulanze Casalgrande,"In collaborazione con l’associazione Giovani Boglioni, il Comune e gli Alpini. Servizio spesa a domicilio, ritiro dei farmaci, svolgimento di piccole commissioni quotidiane per anziani e le persone fragili o in difficoltà. Lunedì, mercoledì e venerdì dalle 9 alle 12.", Pronto farmaci e/o spesa,"44.588009, 10.737321","This is a post from ANPAS.
See https://anpas.ushahidi.io/posts/32 for details.",44.588009,10.737321,
33,Gadoni,AVPC Gadoni,consegna a domicilio di farmaci e beni di prima necessità, Pronto farmaci e/o spesa,"39.913451, 9.185837","This is a post from ANPAS.
See https://anpas.ushahidi.io/posts/33 for details.",39.913451,9.185837,
34,Lanusei,A. V. L. Lanusei,consegna a domicilio di farmaci e beni di prima necessità, Pronto farmaci e/o spesa,"39.878571, 9.541077","This is a post from ANPAS.
See https://anpas.ushahidi.io/posts/34 for details.",39.878571,9.541077,
35,Castelnuovo Rangone,Croce Blu di Modena,In collaborazione con Aiutiamoci - Rete di solidarietà di Modena per servizio di consegna a domicilio di farmaci e beni di prima necessità., Pronto farmaci e/o spesa,"44.538473, 10.935961","This is a post from ANPAS.
See https://anpas.ushahidi.io/posts/35 for details.",44.538473,10.935961,
36,Gonnosfanadiga,P. A. Livas Gonnosfanadiga,consegna a domicilio di farmaci e beni di prima necessità, Pronto farmaci e/o spesa,"39.495915, 8.662398","This is a post from ANPAS.
See https://anpas.ushahidi.io/posts/36 for details.",39.495915,8.662398,
37,Maranello,Associazione Volontari Assistenza Pubblica Maranello,Servizio di consegna a domicilio di farmaci e beni di prima necessità, Pronto farmaci e/o spesa,"44.525522, 10.866361","This is a post from ANPAS.
See https://anpas.ushahidi.io/posts/37 for details.",44.525522,10.866361,
38,Ghilarza,P. A. Lasa Ghilarza,consegna a domicilio di farmaci e beni di prima necessità, Pronto farmaci e/o spesa,"40.119652, 8.834927","This is a post from ANPAS.
See https://anpas.ushahidi.io/posts/38 for details.",40.119652,8.834927,
39,Orani,Croce Verde Orani,consegna a domicilio di farmaci e beni di prima necessità, Pronto farmaci e/o spesa,"40.248344, 9.182835","This is a post from ANPAS.
See https://anpas.ushahidi.io/posts/39 for details.",40.248344,9.182835,
40,Basiglio,Croce Amica Basiglio,"Servizio di consegna di farmaci a domicilio, in collaborazione con il Comune di Basiglio e servizio di consegna della spesa a domicilio, in collaborazione con la Protezione Civile e il supermercato Viaggiator Goloso di Milano 3", Pronto farmaci e/o spesa,"45.349152, 9.164589","This is a post from ANPAS.
See https://anpas.ushahidi.io/posts/40 for details.",45.349152,9.164589,
41,Orgosolo,Croce Verde Orgosolo,consegna a domicilio di farmaci e beni di prima necessità, Pronto farmaci e/o spesa,"40.176265, 9.395592","This is a post from ANPAS.
See https://anpas.ushahidi.io/posts/41 for details.",40.176265,9.395592,
42,Quartu Sant'Elena,SOS Quartu Sant'Elena,consegna a domicilio di farmaci e beni di prima necessità, Pronto farmaci e/o spesa,"39.213331, 9.344894","This is a post from ANPAS.
See https://anpas.ushahidi.io/posts/42 for details.",39.213331,9.344894,
43,Enna,Ente Corpo Volontari Protezione Civile Enna,Servizio di consegna a domicilio di farmaci e beni di prima necessità, Pronto farmaci e/o spesa,"37.566757, 14.280747","This is a post from ANPAS.
See https://anpas.ushahidi.io/posts/43 for details.",37.566757,14.280747,
44,Cerami,VOS Cerami,consegna a domicilio di farmaci e beni di prima necessità, Pronto farmaci e/o spesa,"37.810654, 14.507273","This is a post from ANPAS.
See https://anpas.ushahidi.io/posts/44 for details.",37.810654,14.507273,
45,Prizzi,Pubblica Assistenza AVISP Prizzi,"Insieme al Comune di Prizzi e a CRI servizio di assistenza a domicilio per le necessità più urgenti rivolto ai cittadini anziani e i disabili, senza un sostegno familiare.", Pronto farmaci e/o spesa,"37.721454, 13.431265","This is a post from ANPAS.
See https://anpas.ushahidi.io/posts/45 for details.",37.721454,13.431265,
46,Barcellona pozzo di Gotto,Protezione Civile Barcellona,"Assistenza domiciliare per le persone sole, in difficoltà o in quarantena, limitatamente a beni di prima necessità e farmaci.", Pronto farmaci e/o spesa,"38.147045, 15.213897","This is a post from ANPAS.
See https://anpas.ushahidi.io/posts/46 for details.",38.147045,15.213897,
47,Paternò,A.P.A.S. Paternò,Servizio di consegna a domicilio di farmaci e beni di prima necessità, Pronto farmaci e/o spesa,"37.56707, 14.905352","This is a post from ANPAS.
See https://anpas.ushahidi.io/posts/47 for details.",37.56707,14.905352,
48,Agira,P. A. Agira,consegna a domicilio di farmaci e beni di prima necessità, Pronto farmaci e/o spesa,"37.656151, 14.521575","This is a post from ANPAS.
See https://anpas.ushahidi.io/posts/48 for details.",37.656151,14.521575,
49,Trapani,P. A. Il soccorso Trapani,consegna a domicilio di farmaci e beni di prima necessità, Pronto farmaci e/o spesa,"38.017432, 12.515992","This is a post from ANPAS.
See https://anpas.ushahidi.io/posts/49 for details.",38.017432,12.515992,
50,Leonforte,Corpo Volontari Protezione Civile Leonforte,Servizio di consegna a domicilio di farmaci e beni di prima necessità., Pronto farmaci e/o spesa,"37.641421, 14.397383","This is a post from ANPAS.
See https://anpas.ushahidi.io/posts/50 for details.",37.641421,14.397383,
51,Castelvetrano,Angeli per la vita,consegna a domicilio di farmaci e beni di prima necessità, Pronto farmaci e/o spesa,"37.682851, 12.795534","This is a post from ANPAS.
See https://anpas.ushahidi.io/posts/51 for details.",37.682851,12.795534,
52,Rosignano Marittimo,"Pubblica Assistenza Rosignano - Rete ""Spesa amica a casa""","Restare a casa!!! Questa è la raccomandazione principale da fare a tutti! Soprattutto anziani e soggetti a rischio.
Per poter venire incontro a questa situazione la Pubblica Assistenza ha contattato alcuni esercizi disponibili a svolgere la consegna domiciliare di generi alimentari. Gli esercizi sono su questa mappa nella categoria ""Spesa amica a casa"""," Pronto farmaci e/o spesa, Spesa amica a casa","43.405913, 10.434905","This is a post from ANPAS.
See https://anpas.ushahidi.io/posts/52 for details.",43.405913,10.434905,
53,Rosignano Marittimo,Panificio Pane E Companatico Alimentari,"Aderisce alla Rete ""Spesa amica a casa"" riferimento Pubblica Assistenza Rosignano", Spesa amica a casa,"43.397343, 10.454217","This is a post from ANPAS.
See https://anpas.ushahidi.io/posts/53 for details.",43.397343,10.454217,
54,Rosignano Marittimo,Alimentari Pieraccioni Monica,"Aderisce alla Rete ""Spesa amica a casa"" riferimento Pubblica Assistenza Rosignano", Spesa amica a casa,"43.389249, 10.456034","This is a post from ANPAS.
See https://anpas.ushahidi.io/posts/54 for details.",43.389249,10.456034,
55,Rosignano Marittimo,Alimentari in Dispensa,"Aderisce alla Rete ""Spesa amica a casa"" riferimento Pubblica Assistenza Rosignano", Spesa amica a casa,"43.398164, 10.443804","This is a post from ANPAS.
See https://anpas.ushahidi.io/posts/55 for details.",43.398164,10.443804,
56,Rosignano Marittimo,Alimentari la Bottega di Zoe,"Aderisce alla Rete ""Spesa amica a casa"" riferimento Pubblica Assistenza Rosignano", Spesa amica a casa,"43.392431, 10.429078","This is a post from ANPAS.
See https://anpas.ushahidi.io/posts/56 for details.",43.392431,10.429078,
57,Rosignano Marittimo,L'Angolo della frutta di Orioli M.,"Aderisce alla Rete ""Spesa amica a casa"" riferimento Pubblica Assistenza Rosignano", Spesa amica a casa,"43.395623, 10.440693","This is a post from ANPAS.
See https://anpas.ushahidi.io/posts/57 for details.",43.395623,10.440693,
58,Rosignano Marittimo,Cavoli Vostri Frutta e verdura,"Aderisce alla Rete ""Spesa amica a casa"" riferimento Pubblica Assistenza Rosignano", Spesa amica a casa,"43.394223, 10.427692","This is a post from ANPAS.
See https://anpas.ushahidi.io/posts/58 for details.",43.394223,10.427692,
59,Pisa,PA Pisa - Servizio consegna spesa e farmaci a domicilio,"E’ stato attivato il servizio di consegna di farmaci e spesa a domicilio per persone con difficoltà residenti nei comuni di Pisa, San Giuliano Terme e Vecchiano.", Pronto farmaci e/o spesa,"43.709998, 10.429255","This is a post from ANPAS.
See https://anpas.ushahidi.io/posts/59 for details.",43.709998,10.429255,
71,Alcamo,Soccorso Alcamo,Acquisto farmaci e beni di prima necessità, Pronto farmaci e/o spesa,"37.982566, 12.963009","This is a post from ANPAS.
See https://anpas.ushahidi.io/posts/71 for details.",37.982566,12.963009,
72,Santa Croce Camerina,Associazione Volontari del Soccorso,Acquisto beni di prima necessità, Pronto farmaci e/o spesa,"36.827254, 14.527817","This is a post from ANPAS.
See https://anpas.ushahidi.io/posts/72 for details.",36.827254,14.527817,
73,Petralia Sottana,Pubblica assistenza Interland madonita,"Attivo servizio di taxi farmaco a Petralia Soprana e Petralia Sottana in collaborazione con i comuni e le farmacie Abate, La Cara e Del Borgo", Pronto farmaci e/o spesa,"37.809982, 14.090522","This is a post from ANPAS.
See https://anpas.ushahidi.io/posts/73 for details.",37.809982,14.090522,
74,Tremestieri etneo,Coordinamento provinciale Catania,Acquisto beni di prima necessità e taxi farmaco, Pronto farmaci e/o spesa,"37.569334, 15.065876","This is a post from ANPAS.
See https://anpas.ushahidi.io/posts/74 for details.",37.569334,15.065876,
75,Santo Stefano di Camastra,Protezione civile Santo Stefano di Camastra,Acquisto beni di prima necessità e farmaci, Pronto farmaci e/o spesa,"38.011513, 14.351086","This is a post from ANPAS.
See https://anpas.ushahidi.io/posts/75 for details.",38.011513,14.351086,
76,Genova,P. A. Croce Bianca Genovese,"Servizio di consegna gratuita a domicilio della spesa per gli over 65 nei quartieri di Genova Foce, Albaro, Carignano e Centro", Pronto farmaci e/o spesa,"44.399364, 8.952989","This is a post from ANPAS.
See https://anpas.ushahidi.io/posts/76 for details.",44.399364,8.952989,
77,Bozen,Croce Bianca Bolzano - Weißen Kreuzes Bozen,Servizio Spesa provinciale della Croce Bianca - Landesweiten Einkaufdienstes des Weißen Kreuzes, Pronto farmaci e/o spesa,"46.498462, 11.306413","This is a post from ANPAS.
See https://anpas.ushahidi.io/posts/77 for details.",46.498462,11.306413,
78,Rosignano Marittimo,Orto e giardino,"Aderisce alla Rete ""Spesa amica a casa"" riferimento Pubblica Assistenza Rosignano", Spesa amica a casa,"43.394388, 10.433012","This is a post from ANPAS.
See https://anpas.ushahidi.io/posts/78 for details.",43.394388,10.433012,
79,Rosignano Marittimo,L'Ortofrutta di Bilanceri P.,"Aderisce alla Rete ""Spesa amica a casa"" riferimento Pubblica Assistenza Rosignano", Spesa amica a casa,"43.391601, 10.429947","This is a post from ANPAS.
See https://anpas.ushahidi.io/posts/79 for details.",43.391601,10.429947,
80,Rosignano Marittimo,Panificio Giaconi,"Aderisce alla Rete ""Spesa amica a casa"" riferimento Pubblica Assistenza Rosignano", Spesa amica a casa,"43.392785, 10.431614","This is a post from ANPAS.
See https://anpas.ushahidi.io/posts/80 for details.",43.392785,10.431614,
81,Rosignano Marittimo,Panificio F.lli Bandini,"Aderisce alla Rete ""Spesa amica a casa"" riferimento Pubblica Assistenza Rosignano", Spesa amica a casa,"43.395195, 10.446633","This is a post from ANPAS.
See https://anpas.ushahidi.io/posts/81 for details.",43.395195,10.446633,
82,Rosignano Marittimo,Panificio Antichi sapori,"Aderisce alla Rete ""Spesa amica a casa"" riferimento Pubblica Assistenza Rosignano", Spesa amica a casa,"43.398081, 10.437563","This is a post from ANPAS.
See https://anpas.ushahidi.io/posts/82 for details.",43.398081,10.437563,
83,Rosignano Marittimo,Pasticceria Cucchiara,"Aderisce alla Rete ""Spesa amica a casa"" riferimento Pubblica Assistenza Rosignano", Spesa amica a casa,"43.391169, 10.430621","This is a post from ANPAS.
See https://anpas.ushahidi.io/posts/83 for details.",43.391169,10.430621,
84,Rosignano Marittimo,Tarallucci e Vino,"Aderisce alla Rete ""Spesa amica a casa"" riferimento Pubblica Assistenza Rosignano", Spesa amica a casa,"43.388033, 10.435094","This is a post from ANPAS.
See https://anpas.ushahidi.io/posts/84 for details.",43.388033,10.435094,
85,Rosignano Marittimo,Macelleria da Claudio e Raffaele,"Aderisce alla Rete ""Spesa amica a casa"" riferimento Pubblica Assistenza Rosignano", Spesa amica a casa,"43.391494, 10.437621","This is a post from ANPAS.
See https://anpas.ushahidi.io/posts/85 for details.",43.391494,10.437621,
86,Rosignano Marittimo,Macelleria Guglielmi Giacomo,"Aderisce alla Rete ""Spesa amica a casa"" riferimento Pubblica Assistenza Rosignano", Spesa amica a casa,"43.391764, 10.429346","This is a post from ANPAS.
See https://anpas.ushahidi.io/posts/86 for details.",43.391764,10.429346,
87,Rosignano Marittimo,L'Artigiano del Suino di Francalacci A.,"Aderisce alla Rete ""Spesa amica a casa"" riferimento Pubblica Assistenza Rosignano", Spesa amica a casa,"43.393073, 10.429951","This is a post from ANPAS.
See https://anpas.ushahidi.io/posts/87 for details.",43.393073,10.429951,
88,Rosignano Marittimo,Salumi e formaggi di Fabio dell'Olmo,"Aderisce alla Rete ""Spesa amica a casa"" riferimento Pubblica Assistenza Rosignano", Spesa amica a casa,"43.395144, 10.443197","This is a post from ANPAS.
See https://anpas.ushahidi.io/posts/88 for details.",43.395144,10.443197,
89,Rosignano Marittimo,Torrefazione Tirrenia,"Aderisce alla Rete ""Spesa amica a casa"" riferimento Pubblica Assistenza Rosignano", Spesa amica a casa,"43.396777, 10.445714","This is a post from ANPAS.
See https://anpas.ushahidi.io/posts/89 for details.",43.396777,10.445714,
90,Rosignano Marittimo,Ghiottopizza,"Aderisce alla Rete ""Spesa amica a casa"" riferimento Pubblica Assistenza Rosignano", Spesa amica a casa,"43.394726, 10.430034","This is a post from ANPAS.
See https://anpas.ushahidi.io/posts/90 for details.",43.394726,10.430034,
91,Rosignano Marittimo,Pescheria Acqua Marina,"Aderisce alla Rete ""Spesa amica a casa"" riferimento Pubblica Assistenza Rosignano", Spesa amica a casa,"43.391931, 10.429742","This is a post from ANPAS.
See https://anpas.ushahidi.io/posts/91 for details.",43.391931,10.429742,
92,Rosignano Marittimo,Lavanderia Self Wash a domicilio,"Aderisce alla Rete ""Spesa amica a casa"" riferimento Pubblica Assistenza Rosignano", Spesa amica a casa,"43.393288, 10.440406","This is a post from ANPAS.
See https://anpas.ushahidi.io/posts/92 for details.",43.393288,10.440406,
94,Rosignano Marittimo,Alimentari Manuela,"Aderisce alla Rete ""Spesa amica a casa"" riferimento Pubblica Assistenza Rosignano", Spesa amica a casa,"43.406266, 10.471335","This is a post from ANPAS.
See https://anpas.ushahidi.io/posts/94 for details.",43.406266,10.471335,
95,Rosignano Marittimo,Panificio di Giovanna,"Aderisce alla Rete ""Spesa amica a casa"" riferimento Pubblica Assistenza Rosignano", Spesa amica a casa,"43.406507, 10.471399","This is a post from ANPAS.
See https://anpas.ushahidi.io/posts/95 for details.",43.406507,10.471399,
96,Deiva Marina,P.A. CROCE D'ORO DEIVESE,"Consegna farmaci a domicilio, rivolto a tutti coloro che non possono muoversi da casa", Pronto farmaci e/o spesa,"44.218902, 9.520073","This is a post from ANPAS.
See https://anpas.ushahidi.io/posts/96 for details.",44.218902,9.520073,
97,Rosignano Marittimo,Pescheria Il mare di Anita,"Aderisce alla Rete ""Spesa amica a casa"" riferimento Pubblica Assistenza Rosignano", Spesa amica a casa,"43.405927, 10.471601","This is a post from ANPAS.
See https://anpas.ushahidi.io/posts/97 for details.",43.405927,10.471601,
98,Rosignano Marittimo,Alimentari Frutta e Verdura di Bianchi Lilia,"Aderisce alla Rete ""Spesa amica a casa"" riferimento Pubblica Assistenza Rosignano", Spesa amica a casa,"43.406425, 10.416219","This is a post from ANPAS.
See https://anpas.ushahidi.io/posts/98 for details.",43.406425,10.416219,
99,Genova,P.A. CROCE BLU CASTELLETTO,Consegna farmaci a domicilio per pazienti non deambulanti o in quarantena e/o impossibilitati a recarsi in farmacia., Pronto farmaci e/o spesa,"44.413562, 8.941992","This is a post from ANPAS.
See https://anpas.ushahidi.io/posts/99 for details.",44.413562,8.941992,
100,Rosignano Marittimo,Il Forno di Carmen,"Aderisce alla Rete ""Spesa amica a casa"" riferimento Pubblica Assistenza Rosignano", Spesa amica a casa,"43.406147, 10.41875","This is a post from ANPAS.
See https://anpas.ushahidi.io/posts/100 for details.",43.406147,10.41875,
101,Rosignano Marittimo,Ristopescheria da Maria e Massimo,"Aderisce alla Rete ""Spesa amica a casa"" riferimento Pubblica Assistenza Rosignano", Spesa amica a casa,"43.404161, 10.418321","This is a post from ANPAS.
See https://anpas.ushahidi.io/posts/101 for details.",43.404161,10.418321,
102,Rosignano Marittimo,Pizzeria Il Covo dei Pirati,"Aderisce alla Rete ""Spesa amica a casa"" riferimento Pubblica Assistenza Rosignano", Spesa amica a casa,"43.403641, 10.419788","This is a post from ANPAS.
See https://anpas.ushahidi.io/posts/102 for details.",43.403641,10.419788,
103,Rosignano Marittimo,La Casa del Bombo,"Aderisce alla Rete ""Spesa amica a casa"" riferimento Pubblica Assistenza Rosignano", Spesa amica a casa,"43.405712, 10.415962","This is a post from ANPAS.
See https://anpas.ushahidi.io/posts/103 for details.",43.405712,10.415962,
104,Imperia,P.A. CROCE BIANCA IMPERIA,Servizio di consegna farmaci e alimenti a domicilio rivolto alle categorie più fragili e persone impossibilitate a muoversi da casa. Per accedere al servizio è necessario contattare i servizi sociali del comune di Imperia che provvederanno a contattare a loro volta la nostra associazione. Un nostro volontario si occuperà dell'acquisto e della consegna di quanto necessario direttamente al domicilio del richiedente., Pronto farmaci e/o spesa,"43.879633, 8.016858","This is a post from ANPAS.
See https://anpas.ushahidi.io/posts/104 for details.",43.879633,8.016858,
105,Rosignano Marittimo,Edicola di Cerquetella Cristina,"Aderisce alla Rete ""Spesa amica a casa"" riferimento Pubblica Assistenza Rosignano", Spesa amica a casa,"43.443158, 10.447577","This is a post from ANPAS.
See https://anpas.ushahidi.io/posts/105 for details.",43.443158,10.447577,
106,Rosignano Marittimo,Gastronomia Cotto e mangiato,"Aderisce alla Rete ""Spesa amica a casa"" riferimento Pubblica Assistenza Rosignano", Spesa amica a casa,"43.352174, 10.453339","This is a post from ANPAS.
See https://anpas.ushahidi.io/posts/106 for details.",43.352174,10.453339,
107,Rosignano Marittimo,Mini Food Cibi pronti,"Aderisce alla Rete ""Spesa amica a casa"" riferimento Pubblica Assistenza Rosignano", Spesa amica a casa,"43.352212, 10.454675","This is a post from ANPAS.
See https://anpas.ushahidi.io/posts/107 for details.",43.352212,10.454675,
108,Albisola superiore,P.A. CROCE VERDE ALBISOLA,"Reperimento ricette/farmaci e spesa in appoggio alla cooperativa ""Il Sestante"" che gestisce la casa di riposo del Comune. Rivolti alle persone indicate dal Comune.", Pronto farmaci e/o spesa,"44.332489, 8.511625","This is a post from ANPAS.
See https://anpas.ushahidi.io/posts/108 for details.",44.332489,8.511625,
109,Rosignano Marittimo,Panificio Polidori di Graziano,"Aderisce alla Rete ""Spesa amica a casa"" riferimento Pubblica Assistenza Rosignano", Spesa amica a casa,"43.352274, 10.455522","This is a post from ANPAS.
See https://anpas.ushahidi.io/posts/109 for details.",43.352274,10.455522,
110,Rosignano Marittimo,Happy Day pizza,"Aderisce alla Rete ""Spesa amica a casa"" riferimento Pubblica Assistenza Rosignano", Spesa amica a casa,"43.351407, 10.455082","This is a post from ANPAS.
See https://anpas.ushahidi.io/posts/110 for details.",43.351407,10.455082,
111,Rosignano Marittimo,Ingrofrutta 2 Srl,"Aderisce alla Rete ""Spesa amica a casa"" riferimento Pubblica Assistenza Rosignano", Spesa amica a casa,"43.352129, 10.45512","This is a post from ANPAS.
See https://anpas.ushahidi.io/posts/111 for details.",43.352129,10.45512,
112,Arcola,P.A. CROCE VERDE ARCOLA,In collaborazione con il comune di Arcola, Pronto farmaci e/o spesa,"44.114382, 9.905967","This is a post from ANPAS.
See https://anpas.ushahidi.io/posts/112 for details.",44.114382,9.905967,
113,Recco,P.A. CROCE VERDE RECCO,"Consegna farmaci a domicilio, servizio rivolto a over 60 con prenotazioni tramite email o telefono", Pronto farmaci e/o spesa,"44.36318, 9.141902","This is a post from ANPAS.
See https://anpas.ushahidi.io/posts/113 for details.",44.36318,9.141902,
114,Rosignano Marittimo,Pescheria Sapori di Mare,"Aderisce alla Rete ""Spesa amica a casa"" riferimento Pubblica Assistenza Rosignano", Spesa amica a casa,"43.351578, 10.454846","This is a post from ANPAS.
See https://anpas.ushahidi.io/posts/114 for details.",43.351578,10.454846,
115,Pietra ligure,P.A. PIETRA SOCCORSO,PRONTO FARMACO Servizio di consegna farmaci a domicilio sia urgenti che normali, Pronto farmaci e/o spesa,"44.154235, 8.283932","This is a post from ANPAS.
See https://anpas.ushahidi.io/posts/115 for details.",44.154235,8.283932,
116,Albisola Marina,P.A. CROCE D'ORO ALBISSOLA MARINA,"TELEFONO D'ORO - Servizio di spesa e reperimento farmaci per gli anziani preferenzialmente dai 75 anni di età. Prenotazione telefonica al numero indicato, dalle 9 alle 18 tutti i giorni.", Pronto farmaci e/o spesa,"44.329466, 8.506873","This is a post from ANPAS.
See https://anpas.ushahidi.io/posts/116 for details.",44.329466,8.506873,
117,Genova,P.A. CROCE BIANCA SAN DESIDERIO,"Domiciliazione spesa e farmaci. Il servizio è rivolto a persone anziane, sole o comunque che hanno difficoltà nel poter provvedere autonomamente alla spesa o all’acquisto di generi di prima necessità e farmaci.", Pronto farmaci e/o spesa,"44.418993, 9.002451","This is a post from ANPAS.
See https://anpas.ushahidi.io/posts/117 for details.",44.418993,9.002451,
118,Cogoleto,V.P.S. CROCE D'ORO SCIARBORASCA,Consegna farmaci a domicilio. Servizio rivolto alle persone con più di 65 anni., Pronto farmaci e/o spesa,"44.398764, 8.614459","This is a post from ANPAS.
See https://anpas.ushahidi.io/posts/118 for details.",44.398764,8.614459,
119,Moneglia,P.A. CROCE AZZURRA MONEGLIESE,"Consegna medicinali e spesa giornaliera a cura del Gruppo di Protezione Civile, prioritariamente destinato alle persone anziane, sole, in isolamento fiduciario o volontario.", Pronto farmaci e/o spesa,"44.240719, 9.488613","This is a post from ANPAS.
See https://anpas.ushahidi.io/posts/119 for details.",44.240719,9.488613,
120,Cervo,P.A. CROCE D'ORO CERVO,"Trasporto farmaci a domicilio per il Comune di Cervo, trasporto di generi alimentari per il Comune di Imperia.", Pronto farmaci e/o spesa,"43.926759, 8.115109","This is a post from ANPAS.
See https://anpas.ushahidi.io/posts/120 for details.",43.926759,8.115109,
121,Genova,P.A. CROCE VERDE SAN GOTTARDO,Consegna farmaci e generi alimentari, Pronto farmaci e/o spesa,"44.42792, 8.950254","This is a post from ANPAS.
See https://anpas.ushahidi.io/posts/121 for details.",44.42792,8.950254,
122,Spotorno,P.A. CROCE BIANCA SPOTORNO,LA SPESA A CASA TE LA PORTIAMO NOI. Servizio attivato dal Comune di Sportorno in collaborazione con la Croce Bianca e l'associazione Il Melograno-Uniti per Spotorno. Servizio dedicato agli anziani per l'acquisto di generi alimentari e/o farmaci., Pronto farmaci e/o spesa,"44.225106, 8.41559","This is a post from ANPAS.
See https://anpas.ushahidi.io/posts/122 for details.",44.225106,8.41559,
123,Celano,P.A. Gran Sasso Soccorso L'Aquila (AQ),"Consegna di farmaci e beni di prima necessità sul territorio comunale di L'Aquila e frazioni. Il servizio è dedicato ai residenti in quarantena, disabili, anziani e malati oncologici ed è effettuato in collaborazione con A.L.I.Ce. Abruzzo Onlus", Pronto farmaci e/o spesa,"42.137303, 13.611129","This is a post from ANPAS.
See https://anpas.ushahidi.io/posts/123 for details.",42.137303,13.611129,
124,Bologna,Pubblica Assistenza città di Bologna,Aderisce al Piano Mais in collaborazione con il Comune di Bologna . Servizio spesa e farmaci a domicilio., Pronto farmaci e/o spesa,"44.496574, 11.383778","This is a post from ANPAS.
See https://anpas.ushahidi.io/posts/124 for details.",44.496574,11.383778,
125,Monterenzio,Pubblica Assistenza Monterenzio,Spesa e farmaci in collaborazione assistenti sociali del comune, Pronto farmaci e/o spesa,"44.329842, 11.407778","This is a post from ANPAS.
See https://anpas.ushahidi.io/posts/125 for details.",44.329842,11.407778,
126,Pianoro,Pubblica Assistenza Pianoro,Consegna farmaci e spesa., Pronto farmaci e/o spesa,"44.393546, 11.344585","This is a post from ANPAS.
See https://anpas.ushahidi.io/posts/126 for details.",44.393546,11.344585,
127,Galliera,P.A.Croce Italia Comuni di Pianura,Consegna spesa e farmaci, Pronto farmaci e/o spesa,"44.740797, 11.435056","This is a post from ANPAS.
See https://anpas.ushahidi.io/posts/127 for details.",44.740797,11.435056,
128,Castenaso,Pubblica Assistenza Castenaso,Consegna spesa e farmaci, Pronto farmaci e/o spesa,"44.511446, 11.464185","This is a post from ANPAS.
See https://anpas.ushahidi.io/posts/128 for details.",44.511446,11.464185,
129,Crevalcore,Pubblica Assistenza Crevalcore,Consegna spesa e farmaci, Pronto farmaci e/o spesa,"44.715842, 11.149959","This is a post from ANPAS.
See https://anpas.ushahidi.io/posts/129 for details.",44.715842,11.149959,
130,Ozzano dell'Emilia,Pubblica Assistenza Ozzano e San Lazzaro,Consegna spesa e farmaci, Pronto farmaci e/o spesa,"44.446343, 11.47655","This is a post from ANPAS.
See https://anpas.ushahidi.io/posts/130 for details.",44.446343,11.47655,
131,Castelnovo Ne' Monti,Pa Croce Verde Castelnovo Ne' Monti,Consegna spesa e farmaci, Pronto farmaci e/o spesa,"44.428953, 10.398109","This is a post from ANPAS.
See https://anpas.ushahidi.io/posts/131 for details.",44.428953,10.398109,
132,Rosignano Marittimo,Giudici Elettrodomestici Pellet -Gas,"Aderisce alla Rete ""Spesa Amica a Casa"". Riferimento Pubblica Assistenza Rosignano ", Spesa amica a casa,"43.391144, 10.435901","This is a post from ANPAS.
See https://anpas.ushahidi.io/posts/132 for details.",43.391144,10.435901,
133,Santo Stefano di magra,P.A. CROCE BIANCA SANTO STEFANO MAGRA,"Trasporto farmaci ed esami a domicilio. A seguito della prenotazione presso una delle farmacie del paese e invio delle ricette dal medico di famiglia in formato digitale alla stessa, i militi della Croce Bianca porteranno i farmaci al domicilio dei residenti.", Pronto farmaci e/o spesa,"44.16258, 9.914001","This is a post from ANPAS.
See https://anpas.ushahidi.io/posts/133 for details.",44.16258,9.914001,
134,Amatrice,Casa della Montagna di Amatrice,"Oltre al COC (Centro Operativo Comunale), nella Sala conferenze Egidio Pelagatti della Casa della Montagna, è attivo il Servizio Prontospesa dedicato all'acquisto e consegna di generi alimentari e farmaci a cura di Croce Rossa Italiana Gruppo Amatrice.", Pronto farmaci e/o spesa,"42.632059, 13.298407","This is a post from ANPAS.
See https://anpas.ushahidi.io/posts/134 for details.",42.632059,13.298407,
135,Rosignano Marittimo,Alimentari Caffè Borbone da Maris e Francesco,"Aderisce alla Rete ""Spesa Amica a Casa"" riferimento Pubblica Assistenza Rosignano", Spesa amica a casa,"43.402462, 10.443106","This is a post from ANPAS.
See https://anpas.ushahidi.io/posts/135 for details.",43.402462,10.443106,
136,Messina,Pegaso Messina Onlus,Acquisto di beni di prima necessità e accordo con il banco alimentare, Pronto farmaci e/o spesa,"38.193757, 15.554208","This is a post from ANPAS.
See https://anpas.ushahidi.io/posts/136 for details.",38.193757,15.554208,
137,Gubbio,Gubbio Soccorso,Consegna SPESA a domicilio di generi di prima necessità. Ritiro e consegna FARMACI. Servizi rivolti a tutta la collettività, Pronto farmaci e/o spesa,"43.31892, 12.619102","This is a post from ANPAS.
See https://anpas.ushahidi.io/posts/137 for details.",43.31892,12.619102,
138,Città di Castello,Croce Bianca Tifernate,Consegna Farmaci a domicilio - Comune di Città di Castello e Comune di Citerna, Pronto farmaci e/o spesa,"43.478276, 12.253474","This is a post from ANPAS.
See https://anpas.ushahidi.io/posts/138 for details.",43.478276,12.253474,
139,San Giorgio Morgeto,P.A. SAN GIORGIO SOCCORSO,"Consegna farmaci, alimenti e beni di prima necessità a domicilio.", Pronto farmaci e/o spesa,"38.386958, 16.108165","This is a post from ANPAS.
See https://anpas.ushahidi.io/posts/139 for details.",38.386958,16.108165,
140,Magliano de' Marsi,P.A. Gruppo Volontari Magliano de'Marsi (AQ),Consegna a domicilio della spesa sul territorio comunale. Servizio in collaborazione con il comune di Magliano de'Marsi., Pronto farmaci e/o spesa,"42.090813, 13.35482","This is a post from ANPAS.
See https://anpas.ushahidi.io/posts/140 for details.",42.090813,13.35482,
141,Avezzano,P.A. Croce Blu Marsica Soccorso (AQ),"Consegna a domicilio di farmaci e spesa sul territorio di Avezzano, in collaborazione con il servizio di Protezione Civile comunale.", Pronto farmaci e/o spesa,"42.024405, 13.423983","This is a post from ANPAS.
See https://anpas.ushahidi.io/posts/141 for details.",42.024405,13.423983,
142,Avezzano,P.A. Croce Verde Avezzano (AQ),Consegna a domicilio di farmaci e spesa sul territorio comunale. Per richiedere il servizio contattare il Centro Operativo Comunale di Avezzano., Pronto farmaci e/o spesa,"42.028276, 13.417358","This is a post from ANPAS.
See https://anpas.ushahidi.io/posts/142 for details.",42.028276,13.417358,
143,Pontinvrea,P.A. CROCE BIANCA PONTINVREA,Approvvigionamento e consegna di beni di prima necessità e medicinali per tutti gli over 70 che ne fanno richiesta., Pronto farmaci e/o spesa,"44.43071, 8.421286","This is a post from ANPAS.
See https://anpas.ushahidi.io/posts/143 for details.",44.43071,8.421286,
144,Andora,P.A. CROCE BIANCA ANDORA,"Servizio di spesa e farmaci a domicilio, ritiro delle ricette presso gli studi medici. In collaborazione con il Comune di Andora"," Pronto farmaci e/o spesa, Spesa amica a casa","43.954476, 8.142857","This is a post from ANPAS.
See https://anpas.ushahidi.io/posts/144 for details.",43.954476,8.142857,
145,,P.A. CROCE VERDE QUARTO DEI MILLE,Consegna a domicilio delle spesa e dei farmaci per tutti i cittadini che non riescono a provvedere autonomamente.," Pronto farmaci e/o spesa, Spesa amica a casa","44.393785, 8.997496","This is a post from ANPAS.
See https://anpas.ushahidi.io/posts/145 for details.",44.393785,8.997496,
146,,Gruppo Volontari Ambulanza del Vergante di Nebbiuno (NO),Spesa e farmaci a domicilio. Le Organizzazioni di Volontariato del Vergante insieme con gli esercizi commerciali del Comune di Nebbiuno mettono a disposizione della popolazione con necessità un servizio di consegna a domicilio con il seguente orario: dalle 8:00 alle 10:30 prenotazione servizio; dalle 10:30 alle 12:30 distribuzione a domicilio. I volontari saranno muniti di tesserino di riconoscimento., Pronto farmaci e/o spesa,"45.803573, 8.527126","This is a post from ANPAS.
See https://anpas.ushahidi.io/posts/146 for details.",,,
147,,Volontari del Soccorso di San Maurizio d’Opaglio (NO),"Supporto telefonico, consegna farmaci e spesa a domicilio.
SUPPORTO INFORMATIVO IN MATERIA SOCIO SANITARIA. Il Comune di San Maurizio d’Opaglio in collaborazione con i Volontari del Soccorso ha aperto il numero telefonico dedicato 335-7169291 attivo tutti i giorni per 12 ore dalle 8:00 alle 20:00, quale supporto informativo in materia socio-sanitaria.
Consegna FARMACI a domicilio. In accordo con la Farmacia Comunale, i medici di base e il supporto dei Volontari del Soccorso è stato attivato il servizio di consegna dei farmaci a domicilio, che tutte le persone in difficoltà possono richiedere attraverso il proprio medico curante.
Consegna SPESA a domicilio. Per tutta la durata dei provvedimenti restrittivi è a disposizione delle persone di età superiore ai 65 anni e delle persone affette da patologie croniche un servizio di consegna a domicilio di generi alimentari e di prima necessità.", Pronto farmaci e/o spesa,"45.773453, 8.390395","This is a post from ANPAS.
See https://anpas.ushahidi.io/posts/147 for details.",,,
148,,Croce Verde None (TO),"Il Gruppo Giovani della Croce Verde di None è disponibile a svolgere servizio gratuito di consegna a domicilio di farmaci e spesa per coloro che necessitano di restare a casa a titolo precauzionale. Il servizio è disponibile all’interno del comune di None, dal lunedì al venerdì dalle 09:00 alle 11:00 e dalle 15:00 alle 17:00. I volontari effettueranno servizio in divisa.", Pronto farmaci e/o spesa,"44.933143, 7.540121","This is a post from ANPAS.
See https://anpas.ushahidi.io/posts/148 for details.",,,
149,,Croce Verde Pinerolo (TO),La Croce Verde di Pinerolo ha attivato il servizio gratuito di consegna farmaci a domicilio riservato a persone anziane e a categorie fragili. Dal lunedì al venerdì 9-12 e 15-18. I volontari svolgono il servizio in divisa., Pronto farmaci e/o spesa,"44.887309, 7.331945","This is a post from ANPAS.
See https://anpas.ushahidi.io/posts/149 for details.",,,
150,,Croce Verde Torino sezione di Ciriè (TO),"La Città di Ciriè, in collaborazione con la Croce Verde Torino sezione di Ciriè, promuove il servizio di consegna gratuita dei farmaci a domicilio, presso le farmacie di Ciriè aderenti al progetto. Il servizio è destinato agli ultra 65enni che non siano in isolamento fiduciario o in quarantena. I richiedenti prenderanno accordi telefonici direttamente con la farmacia. Saranno quindi i volontari della Croce Verde a portare a casa i farmaci acquistati, in busta chiusa e nel massimo rispetto della privacy. Il servizio sarà attivo nei giorni di lunedì, mercoledì e venerdì.", Pronto farmaci e/o spesa,"45.235277, 7.600308","This is a post from ANPAS.
See https://anpas.ushahidi.io/posts/150 for details.",,,
151,,Croce Verde Torino sezione di Venaria (TO),Spesa e farmaci a domicilio. Il servizio è attivato dalla Città di Venaria Reale ed è gestito dalla Croce Verde Torino sezione di Venaria. Il servizio è dedicato a persone anziane o impossibilitate a uscire di casa. Attivo tutti i giorni con il seguente orario: 10:00-12:00 e 14:00–17:30., Pronto farmaci e/o spesa,"45.130682, 7.606034","This is a post from ANPAS.
See https://anpas.ushahidi.io/posts/151 for details.",,,
152,,Pubblica Assistenza Sauze d’Oulx (TO),"Servizio gratuito di consegna spesa a domicilio proposto dal Comune di Sauze d’Oulx in collaborazione con Protezione Civile e Pubblica Assistenza. Riservato alla cittadinanza residente a Sauze d’Oulx e sue frazioni. Occorre prenotare la spesa presso gli esercenti indicati. Consegna prevista il giorno successivo alla prenotazione.
La spesa verrà consegnata nel pomeriggio tra le 14:00 e le 18:00. Si raccomanda per necessità organizzative di assemblare una spesa che renda autonomi per qualche giorno così da poter soddisfare tutte le richieste. A spesa assemblata si verrà contattati dal responsabile dell’ordine così da comunicare l’importo dovuto e saldare lo stesso (in contanti) a chi vi consegnerà i pacchi. Persone responsabili del servizio: Roberta 379-1221750 e Maria Paola 338-4864012", Pronto farmaci e/o spesa,"45.027027, 6.858346","This is a post from ANPAS.
See https://anpas.ushahidi.io/posts/152 for details.",,,
153,,Croce Bianca Alice Castello Borgo d’Ale (VC),"Il Comune di Borgo d’Ale, insieme alla Croce Bianca di Alice Castello Borgo d’Ale e ai Coscritti 2002, ha istituito un nuovo servizio gratuito di consegna della spesa alimentare e farmaci a domicilio per i cittadini in difficoltà, per contrastare e contenere la diffusione del Coronavirus.", Pronto farmaci e/o spesa,"45.365158, 8.072925","This is a post from ANPAS.
See https://anpas.ushahidi.io/posts/153 for details.",,,
154,,P.A. Amici del Soccorso (CH),Consegna a domicilio farmaci e spesa sul territorio dei comuni di Crecchio - Pescara - Francavilla, Pronto farmaci e/o spesa,"42.219226, 14.279989","This is a post from ANPAS.
See https://anpas.ushahidi.io/posts/154 for details.",,,
155,,Fratellanza Popolare delle Caldine - Fiesole,Per acquisti generi alimentari e farmaci con consegna a domicilio per le persone con patologie che non permettono loro di muoversi da casa., Pronto farmaci e/o spesa,"43.833568, 11.30551","This is a post from ANPAS.
See https://anpas.ushahidi.io/posts/155 for details.",,,
156,,P.A. Amici del cuore Colonnella (TE),PRONTOSPESA: consegna a domicilio farmaci e spesa dedicato ai cittadini del comune di Colonnella., Pronto farmaci e/o spesa,"42.871155, 13.866798","This is a post from ANPAS.
See https://anpas.ushahidi.io/posts/156 for details.",,,
157,,Associazione La Luce ODV,Consegna farmaci a domicilio tutti i giorni dalle 16.30 alle 19.00, Pronto farmaci e/o spesa,"40.629262, 16.800349","This is a post from ANPAS.
See https://anpas.ushahidi.io/posts/157 for details.",,,
158,,P.A. Protezione Civile Arcobaleno (CH),"Consegna a domicilio di farmaci e spesa sul territorio comunale di SAN SALVO in collaborazione con il Centro Operativo Comunale.
Consegna a domicilio di farmaci e spesa sul territorio comunale di GISSI in collaborazione con il Centro Operativo Comunale.Consegna a domicilio di farmaci e spesa sul territorio comunale di SAN SALVO in collaborazione con il Centro Operativo Comunale.
", Pronto farmaci e/o spesa,"42.041664, 14.731337","This is a post from ANPAS.
See https://anpas.ushahidi.io/posts/158 for details.",,,
159,,Pubblica Assistenza Fucecchio,Servizio di consegna spesa a domicilio per gli anziani ed i più fragili. In collaborazione con il Comune., Pronto farmaci e/o spesa,"43.729202, 10.808205","This is a post from ANPAS.
See https://anpas.ushahidi.io/posts/159 for details.",,,
160,,Pubblica Assistenza S.O.S. Sava,"Servizio di consegna a domicilio dei #armaci e spesa da parte dei volontari della S.O.S., in collaborazione anche con gli ""Angeli di quartiere"".", Pronto farmaci e/o spesa,"40.403424, 17.558409","This is a post from ANPAS.
See https://anpas.ushahidi.io/posts/160 for details.",,,
161,,P.A. CROCE BIANCA BORGHETTO SANTO SPIRITO,Consegna farmaci e spesa a domicilio per le persone che ne fanno richiesta. In collaborazione con la Protezione Civile di Borghetto S. Spirito.," Pronto farmaci e/o spesa, Spesa amica a casa","44.10978, 8.24155","This is a post from ANPAS.
See https://anpas.ushahidi.io/posts/161 for details.",,,
