title,description,city,contact,nr,latitude,longitude
"Nachbarschaftshilfe Ammersee, Bayern, Germany",Solidarische Nachbarschaft / solidary neighbourhood nr. 1,Ammersee,"Telegram: https://t.me/solidarischammersee<br><br>Ammersee, 86911, Germany",1,48.0095949,11.117341
"Nachbarschaftshilfe Augsburg, Bayern, Germany",Solidarische Nachbarschaft / solidary neighbourhood nr. 2,Augsburg,"Telegram: https://t.me/joinchat/LXjLxRONXDZb5w0yJie4Sw<br><br>Augsburg, Germany",2,48.3705449,10.89779
"Nachbarschaftshilfe Aumühle, Schleswig-Holstein, Germany",Solidarische Nachbarschaft / solidary neighbourhood nr. 3,Aumühle,"Telegram: https://t.me/aumuehle_gegen_corona<br><br>24837 Schleswig, Germany",3,54.5239312,9.563227
"Nachbarschaftshilfe Bergisch Gladbach, Nordrhein-Westfalen, Germany",Solidarische Nachbarschaft / solidary neighbourhood nr. 4,Bergisch Gladbach,"Telegram: https://t.me/bgsolidarisch<br><br>Bergisch Gladbach, Germany",4,50.9923091,7.1286213
"Nachbarschaftshilfe metropolitan, Berlin, Germany",Solidarische Nachbarschaft / solidary neighbourhood nr. 5,Berlin,"Telegram: https://t.me/joinchat/IafppEdTmHTRObqU4-VTeg<br><br>Berlin, Germany",5,52.52000659999999,13.404954
"Nachbarschaftshilfe Charlottenburg, 10623, Berlin, Germany",Solidarische Nachbarschaft / solidary neighbourhood nr. 6,Berlin,"Telegram: https://t.me/joinchat/Nslp-xzTmBDuGbLtVRzDDA<br><br>Charlottenburg, Berlin, Germany",6,52.5166023,13.3041054
"Nachbarschaftshilfe Friedrichshain, 10247, Berlin, Germany",Solidarische Nachbarschaft / solidary neighbourhood nr. 7,Berlin,"Telegram: https://t.me/joinchat/D5wR1Ba1moARnvFKrnVLqQ<br><br>Friedrichshain, Berlin, Germany",7,52.51582399999999,13.4539891
"Nachbarschaftshilfe Köpenick, 12555, Berlin, Germany",Solidarische Nachbarschaft / solidary neighbourhood nr. 8,Berlin,"* Telegram: https://t.me/joinchat/E4686xY3QwwG8WsDx0Bd5A * Facebook: https://www.facebook.com/groups/QuarantaeneKoepenick<br><br>Berlin, Germany",8,52.52000659999999,13.404954
"Nachbarschaftshilfe Kreuzberg, 10999, Berlin, Germany",Solidarische Nachbarschaft / solidary neighbourhood nr. 10,Berlin,"* Allgemein Telegram: https://t.me/joinchat/DB-ZeRdcfC2_ytABw6lq9g * Kotti Telegram: https://t.me/kottisoli * Wrangelkiez Telegram: https://t.me/wrangekiezsoli<br><br>Kreuzberg, Berlin, Germany",10,52.4983442,13.4065791
"Nachbarschaftshilfe Lichtenberg, 10365, Berlin, Germany",Solidarische Nachbarschaft / solidary neighbourhood nr. 11,Berlin,"* Telegram: https://t.me/LbergSoliGegenC19 * Hohenschönhausen Telegram: https://t.me/hsh_soli * Karlshorst Telegram: https://t.me/KarlshorstSoli * Kaskelkiez Telegram: https://t.me/joinchat/NRsc8hzsqLYpf52YsaTQDQ * Siegfriedkiez Telegram: https://t.me/joinchat/EjMqwhoECv7GTpn1BgmSvQ * Weitlingkiez Telegram: https://t.me/weitlingsolic19<br><br>Lichtenberg, Berlin, Germany",11,52.53359039999999,13.4998575
"Nachbarschaftshilfe Marzahn-Hellersdorf, 12681, Berlin, Germany",Solidarische Nachbarschaft / solidary neighbourhood nr. 12,Berlin,"* Allgemein Telegram: https://t.me/marzahnhellersdorf * Mahlsdorf Süd Telegram: https://t.me/joinchat/BvFi4Bip2es31cNUWWZgmg<br><br>Marzahn, Berlin, Germany",12,52.5446501,13.5646433
"Nachbarschaftshilfe Mitte, 10178, Berlin, Germany",Solidarische Nachbarschaft / solidary neighbourhood nr. 13,Berlin,"Telegram: https://t.me/joinchat/OkqYFxlwJ3jGzOBWP2uEcg<br><br>10178, Berlin, Germany",13,52.532647,13.397786
"Nachbarschaftshilfe Moabit, 10557, Berlin, Germany",Solidarische Nachbarschaft / solidary neighbourhood nr. 14,Berlin,"Telegram: https://t.me/joinchat/EEi8gEn9moAVmOkp_gw2KQ<br><br>Moabit, Berlin, Germany",14,52.53078290000001,13.3471759
"Nachbarschaftshilfe Neukölln, 12043, Berlin, Germany",Solidarische Nachbarschaft / solidary neighbourhood nr. 15,Berlin,"Allgemein Telegram: https://t.me/joinchat/JI6BoBgx71OTmdhcU2GSow * Anzengruberstraße Telegram: https://t.me/joinchat/Cqk-URvhKmtnwbasRzeGvQ * Britz Telegram: https://t.me/britz_zusammen_gegen_corona * Leinestraße Telegram: https://t.me/rundumdieleine * Flughafenkiez Telegram: https://t.me/flughafenkiez * Hermannstraße Telegram: https://t.me/joinchat/Chi9jh1_dgxcBxXpp6d6mQ * Körnerkiez Telegram: https://t.me/KoernerkiezSoli * Reuterkiez Telegram: https://t.me/joinchat/AlAAQxGP64bJa2wOVsSqmQ * Rixdorf Telegram: https://t.me/rix_hilft * S Hermmanstraße Telegram: https://t.me/joinchat/Chi9jh1_dgxcBxXpp6d6mQ * Schillerkiez Telegram: https://t.me/schillerkiez_soli * Weserkiez Telegram: https://t.me/joinchat/BpAuihiBYE7aV2tPmpjwpw * Wildenbruchplatz Telegram: https://t.me/joinchat/NdJgZhI0JcFRaJ4Qe5dPMQ<br><br>Berlin, Germany",15,52.52000659999999,13.404954
"Nachbarschaftshilfe Pankow, 13187, Berlin, Germany",Solidarische Nachbarschaft / solidary neighbourhood nr. 16,Berlin,"* Allgemein Telegram: https://t.me/joinchat/LhKlcBl1Yn8vovP_pbtGlg * Wilmersruh Telegram: https://t.me/wilhelmsruh<br><br>Pankow, Berlin, Germany",16,52.5928787,13.4317001
"Nachbarschaftshilfe Prenzlauer Berg, 10119, Berlin, Germany",Solidarische Nachbarschaft / solidary neighbourhood nr. 17,Berlin,"Allgemein Telegram: https://t.me/Prenzlauerberg * Arnim-Platz-Kiez Telegram: https://t.me/covid19solidaritaet10439b1 * 10405 Telegram: https://t.me/joinchat/ANOJMR2EguN003OX2JrmAg * 10407 Telegram: https://t.me/joinchat/C1LJ6B2mNiSN0J0K84NMHg<br><br>10119 Berlin, Deutschland",17,52.530741,13.4058114
"Nachbarschaftshilfe Schöneberg, 10789, Berlin, Germany",Solidarische Nachbarschaft / solidary neighbourhood nr. 18,Berlin,"Telegram: https://t.me/schoeneberg_solidarisch<br><br>Schöneberg, 10789, Berlin, Germany",18,52.501156,13.336529
"Nachbarschaftshilfe Steglitz, 12163, Berlin, Germany",Solidarische Nachbarschaft / solidary neighbourhood nr. 19,Berlin,"* Allgemein Telegram: https://t.me/Steglitz_solidarisch * Lichterfelde Telegram: https://t.me/solinachb_lichterfelde12xxx<br><br>Steglitz, Berlin, Germany",19,52.4530959,13.3311709
"Nachbarschaftshilfe Tempelhof, 12101, Berlin, Germany",Solidarische Nachbarschaft / solidary neighbourhood nr. 20,Berlin,"Telegram: https://t.me/joinchat/EsBMfxpvf2eDzFHhDsaHEQ<br><br>Tempelhof, Berlin, Germany",20,52.4694927,13.3855997
"Nachbarschaftshilfe Berlin Treptow 12435, Berlin, Germany",Solidarische Nachbarschaft / solidary neighbourhood nr. 21,Berlin,"* Allgemein Telegram: https://t.me/treptow_corona * Adlershof / Altglienicke Telegram: https://t.me/AdlershofAltglienickeSoli * Alt-Treptow Telegram: https://t.me/alttreptow_corona * Plänterwald / Baumschulenweg Telegram: https://t.me/plaenterwald_baume * Schöneweide / Johannisthal Telegram: https://t.me/SchoeweJohanniSoli<br><br>Berlin Treptow 12435, Berlin, Germany",21,52.432466,13.584581
"Nachbarschaftshilfe Wedding, 13347, Berlin, Germany",Solidarische Nachbarschaft / solidary neighbourhood nr. 22,Berlin Wedding,"Telegram: https://t.me/joinchat/Ip8TjxvabvS7GoKcJ2dL0w<br><br>Wedding, Berlin, Germany",22,52.5504827,13.3519841
"Nachbarschaftshilfe Wilmersdorf, 10713, Berlin, Germany",Solidarische Nachbarschaft / solidary neighbourhood nr. 23,Berlin Wilmersdorf,"Telegram: https://t.me/joinchat/DN2sTBg7pC8smYc1VOQz4w<br><br>Mecklenburgische Str. 20, 10713 Berlin, Germany",23,52.48084369999999,13.3130799
"Nachbarschaftshilfe Zehlendorf, 14169, Berlin, Germany",Solidarische Nachbarschaft / solidary neighbourhood nr. 24,Berlin Zehlendorf,"Telegram: https://t.me/joinchat/JVMosBR__bPjZgreNOD-dQ<br><br>Zehlendorf, Berlin, Germany",24,52.43507719999999,13.260425
"Nachbarschaftshilfe Bielefeld, Nordrhein-Westfalen, Germany",Solidarische Nachbarschaft / solidary neighbourhood nr. 404,Bielefeld,"Telegram: https://t.me/joinchat/F8mT4xvDSE19NvT3CbdXAA<br><br>Karl-Eilers-Straße 20, 33602 Bielefeld, Germany",404,52.0252647,8.529122599999999
"Nachbarschaftshilfe Mitte Bielefeld, Nordrhein-Westfalen, Germany",Solidarische Nachbarschaft / solidary neighbourhood nr. 51,Bielefeld,"Telegram: https://t.me/joinchat/HKI5pBXWPUbPAZbC2dlAfw<br><br>Mitte, Bielefeld, Germany",51,52.0234685,8.5383133
"Nachbarschaftshilfe Bonn, Nordrhein-Westfalen, Germany",Solidarische Nachbarschaft / solidary neighbourhood nr. 56,Bonn,"Telegram: https://t.me/GegenseitigeHilfeBonn<br><br>Bonn, Germany",56,50.73743,7.0982068
"Nachbarschaftshilfe Bochum, Nordrhein-Westfalen, Germany",Solidarische Nachbarschaft / solidary neighbourhood nr. 57,Bochum,"Telegram: https://t.me/joinchat/HZZirhnNWeUh8uUb13ioQQ<br><br>Bochum, Germany",57,51.4818445,7.216236299999999
"Nachbarschaftshilfe Braunschweig, Niedersachsen, Germany",Solidarische Nachbarschaft / solidary neighbourhood nr. 58,Braunschweig,"Telegram: https://t.me/joinchat/E3Frdxx0WXN_7AR4dGEoNA<br><br>Brunswick, Germany",58,52.2688736,10.5267696
"Nachbarschaftshilfe Bremen, Bremen, Germany",Solidarische Nachbarschaft / solidary neighbourhood nr. 59,Bremen,"Telegram: https://t.me/EinkaufshilfeHB<br><br>Flughafenallee 20, 28199 Bremen, Germany",59,53.0542628,8.7845838
"Nachbarschaftshilfe Darmstadt, Hessen, Germany",Solidarische Nachbarschaft / solidary neighbourhood nr. 60,Darmstadt,"Telegram: https://t.me/CoronaSoliDarmstadt<br><br>Darmstadt, Germany",60,49.8728253,8.6511929
"Nachbarschaftshilfe Detmold, Nordrhein-Westfalen, Germany",Solidarische Nachbarschaft / solidary neighbourhood nr. 61,Detmold,"Telegram: https://t.me/joinchat/Nm0wGFT0_bTcSHzrWrmpYA<br><br>Detmold, Germany",61,51.9384783,8.8686381
"Nachbarschaftshilfe Innenstadt-Nord Dortmund, Nordrhein-Westfalen, Germany",Solidarische Nachbarschaft / solidary neighbourhood nr. 62,Dortmund,"Telegram: https://t.me/coronanordstadt<br><br>Innenstadt-Nord, Dortmund, Germany",62,51.5253261,7.463138499999999
"Nachbarschaftshilfe Innenstadt-Ost Dortmund, Nordrhein-Westfalen, Germany",Solidarische Nachbarschaft / solidary neighbourhood nr. 63,Dortmund,"Telegram: https://t.me/coronadoost<br><br>Innenstadt-Ost, Dortmund, Germany",63,51.5028403,7.4841659
"Nachbarschaftshilfe Duisburg, Nordrhein-Westfalen, Germany",Solidarische Nachbarschaft / solidary neighbourhood nr. 64,Duisburg,"Telegram: https://t.me/joinchat/AtKmsxR8qTQPdT_mSLFOHg<br><br>Duisburg, Germany",64,51.4344079,6.762329299999999
"Nachbarschaftshilfe Düren, Nordrhein-Westfalen, Germany",Solidarische Nachbarschaft / solidary neighbourhood nr. 65,Düren,"Telegram: https://t.me/duerengegencorona<br><br>North Rhine-Westphalia, Germany",65,51.43323669999999,7.661593799999999
"Nachbarschaftshilfe Düsseldorf, Nordrhein-Westfalen, Germany",Solidarische Nachbarschaft / solidary neighbourhood nr. 66,Düsseldorf,"Facebook: https://www.facebook.com/groups/2507520242793800<br><br>North Rhine-Westphalia, Germany",66,51.43323669999999,7.661593799999999
"Nachbarschaftshilfe Eberswalde, Brandenburg, Germany",Solidarische Nachbarschaft / solidary neighbourhood nr. 67,Eberswalde,"Telegram: https://t.me/nachbarn_eberswalde<br><br>Eberswalde, Germany",67,52.83713299999999,13.7875871
"Nachbarschaftshilfe Einbeck, Niedersachsen, Germany",Solidarische Nachbarschaft / solidary neighbourhood nr. 68,Einbeck,"Telegram: https://t.me/greenesolidarisch<br><br>37574 Einbeck, Germany",68,51.8205718,9.8683087
"Nachbarschaftshilfe Erfurt, Thüringen, Germany",Solidarische Nachbarschaft / solidary neighbourhood nr. 69,Erfurt,"Telegram: https://t.me/joinchat/Ehw9NxibSmY11hjqdEz_Xg<br><br>Erfurt, Germany",69,50.98476789999999,11.02988
"Nachbarschaftshilfe Essen, Nordrhein-Westfalen, Germany",Solidarische Nachbarschaft / solidary neighbourhood nr. 70,Essen,"Telegram: https://t.me/EssenSolidarity<br><br>Essen, Germany",70,51.4556432,7.0115552
"Nachbarschaftshilfe Ruhrhalbinsel Essen, Nordrhein-Westfalen, Germany",Solidarische Nachbarschaft / solidary neighbourhood nr. 71,Essen,"Telegram: https://t.me/joinchat/I-K0MBuMAUVvbxxnLBWErA<br><br>North Rhine-Westphalia, Germany",71,51.43323669999999,7.661593799999999
"Nachbarschaftshilfe Rüttenscheid Essen, Nordrhein-Westfalen, Germany",Solidarische Nachbarschaft / solidary neighbourhood nr. 72,Essen,"Telegram: https://t.me/RuettenscheidSolidarity<br><br>North Rhine-Westphalia, Germany",72,51.43323669999999,7.661593799999999
"Nachbarschaftshilfe Esslingen am Neckar, Baden-Württemberg, Germany",Solidarische Nachbarschaft / solidary neighbourhood nr. 73,Esslingen,"Telegram: https://t.me/solidarischenachbarnesslingen<br><br>Esslingen, Germany",73,48.7433425,9.320112199999999
"Nachbarschaftshilfe Falkensee, Brandenburg, Germany",Solidarische Nachbarschaft / solidary neighbourhood nr. 74,Falkensee,"Telegram: https://t.me/CoronaSoliFalkensee<br><br>Falkensee, Germany",74,52.562044,13.0770003
"Nachbarschaftshilfe Frankfurt am Main, Hessen, Germany",Solidarische Nachbarschaft / solidary neighbourhood nr. 75,Frankfurt am Main,"Telegram: https://t.me/joinchat/AlM53xzpLC0LIKt7gNF1qg<br><br>Frankfurt, Germany",75,50.1109221,8.6821267
"Nachbarschaftshilfe Frankfurt (Oder), Brandenburg, Germany",Solidarische Nachbarschaft / solidary neighbourhood nr. 76,Frankfurt Oder,"Telegram: https://t.me/joinchat/Ehw9Nxb1xLxsd3q2PhpUZQ<br><br>Frankfurt an der Oder, Germany",76,52.3472237,14.5505672
"Nachbarschaftshilfe Freiburg im Breisgau, Baden-Württemberg, Germany",Solidarische Nachbarschaft / solidary neighbourhood nr. 77,Freiburg,"Telegram: https://t.me/corona_soli_fr<br><br>Freiburg im Breisgau, Germany",77,47.9990077,7.842104299999999
"Nachbarschaftshilfe Freising, Bayern, Germany",Solidarische Nachbarschaft / solidary neighbourhood nr. 78,Freising,"Facebook: https://www.facebook.com/groups/210423140316763<br><br>Freising, Germany",78,48.4028796,11.7411846
"Nachbarschaftshilfe Gelsenkirchen, Nordrhein-Westfalen, Germany",Solidarische Nachbarschaft / solidary neighbourhood nr. 79,Gelsenkirchen,"Telegram: https://t.me/joinchat/Ep6ylhhGvu-9u0liZzdmPQ<br><br>Gelsenkirchen, Germany",79,51.517744,7.085717199999999
"Nachbarschaftshilfe Göttingen, Niedersachsen, Germany",Solidarische Nachbarschaft / solidary neighbourhood nr. 80,Göttingen,"Telegram: https://t.me/solidarischesgoe<br><br>Lower Saxony, Germany",80,52.6367036,9.8450766
"Nachbarschaftshilfe Grevenbroich, Nordrhein-Westfalen, Germany",Solidarische Nachbarschaft / solidary neighbourhood nr. 81,Grevenbroich,"Telegram: https://t.me/Nachbarschaftshilfe_GV<br><br>Grevenbroich, Germany",81,51.0902094,6.585863000000001
"Nachbarschaftshilfe Halle (Saale), Sachsen-Anhalt, Germany",Solidarische Nachbarschaft / solidary neighbourhood nr. 82,Halle Saale,"Telegram: https://t.me/joinchat/EU2buBQTFe9UkbecioaS2Q<br><br>Halle (Saale), Germany",82,51.4969802,11.9688029
"Nachbarschaftshilfe Hamburg, Germany",Solidarische Nachbarschaft / solidary neighbourhood nr. 83,Hamburg,"Telegram: https://t.me/hamburg_gegen_corona<br><br>Hamburg, Germany",83,53.5510846,9.9936819
"Nachbarschaftshilfe Hamburg, Germany",Solidarische Nachbarschaft / solidary neighbourhood nr. 84,Hamburg,"https://events.ccc.de/congress/2018/wiki/index.php/Assembly:Komona<br><br>Hamburg, Germany",84,53.5510846,9.9936819
"Nachbarschaftshilfe Altona, 22765, Hamburg, Germany",Solidarische Nachbarschaft / solidary neighbourhood nr. 85,Hamburg,"* Allgemein, Telegram: https://t.me/altona_solidarisch * Ottensen, Telegram: https://t.me/ottensen_solidarisch * Schanze, Telegram: https://t.me/schanze_solidarisch<br><br>Altona, Hamburg, Germany",85,53.57915999999999,9.8745558
"Nachbarschaftshilfe Eimsbüttel, 20144, Hamburg, Germany",Solidarische Nachbarschaft / solidary neighbourhood nr. 86,Hamburg,"* Allgemein, Telegram: https://t.me/eimsbuettel_solidarisch * Grindel / Rotherbaum, Telegram: https://t.me/joinchat/J7C8fhigPG_LGEwBaTuG0A * Stellingen, Telegram: https://t.me/joinchat/F1Aa_RiZ6bsczUmwHYqlbA<br><br>Hamburg, Germany",86,53.5510846,9.9936819
Nachbarschaftshilfe Harburg,Solidarische Nachbarschaft / solidary neighbourhood nr. 90,Hamburg,"Harburg, 21073, Hamburg, Germany<br><br>Harburg, Hamburg, Germany",90,53.4607681,9.9835844
"Nachbarschaftshilfe Mitte Hamburg, Germany",Solidarische Nachbarschaft / solidary neighbourhood nr. 91,Hamburg,"* Hamm /  Hammerbrook / Borgfelde Telegram: https://t.me/joinchat/EBM20RQ9Clb7wYUVCBdmdw * Neustadt Telegram: https://t.me/Neustadt_gegen_corona * St. Georg Telegram: https://t.me/stgeorg_soli * St. Pauli Telegram: https://t.me/joinchat/DR4PKBY_ewQ3SgAhm14Iig * Veddel, Telegram:  https://t.me/veddel_solidarisch * Wilhelmsburg, Telegram: https://t.me/joinchat/BS9S2hlNDW4xPROFP8UNhA<br><br>Mitte, Hamburg, Germany",91,52.5372897,13.3602743
"Nachbarschaftshilfe Nord Hamburg, Germany",Solidarische Nachbarschaft / solidary neighbourhood nr. 92,Hamburg,"* Barmbek Telegram: https://t.me/BarmbeksolidarischgegenCorona * Ohlsdorf / Fuhlsbüttel Telegram: https://t.me/ohlsdorf_fuhlsbuettel * Klein-Borstel Telegram: https://t.me/klein_borstel_gegen_corona * Winterhude Telegram: https://t.me/winterhudegegencorona<br><br>Hamburg-Nord, Hamburg, Germany",92,53.6117883,10.0072738
"Nachbarschaftshilfe Wandsbek Wandsbek, 22041, Hamburg, Germany",Solidarische Nachbarschaft / solidary neighbourhood nr. 93,Hamburg,"* Alstertal / Walddörfer Telegram: https://t.me/SoliAlstertalWalddoerfer * Eilbek / Barmbek-Süd Telegram: https://t.me/eilbekbarmbek * Jenfeld Telegram: https://t.me/JenfeldggCorona * Rahlstedt Telegram: https://t.me/RahlstedtSolidarisch * Tonndorf Telegram: https://t.me/TonndorfggCorona<br><br>Am Neumarkt 20, 22041 Hamburg, Germany",93,53.57484299999999,10.087862
"Nachbarschaftshilfe Hannover, Niedersachsen, Germany",Solidarische Nachbarschaft / solidary neighbourhood nr. 100,Hannover Hanover,"Telegram: https://t.me/solistatthamster<br><br>Hanover, Germany",100,52.3758916,9.732010400000002
"Nachbarschaftshilfe Halberstadt, Sachsen-Anhalt, Germany",Solidarische Nachbarschaft / solidary neighbourhood nr. 107,Halberstadt,"WhatsApp: https://chat.whatsapp.com/IRpe7haeVFpHX6j04M9gXY<br><br>Halberstadt, Germany",107,51.89487090000001,11.0496159
"Nachbarschaftshilfe Havixbeck, Nordrhein-Westfalen, Germany",Solidarische Nachbarschaft / solidary neighbourhood nr. 108,Havixbeck,"Facebook: http://www.facebook.com/nachbarschaftshilfehohenholte<br><br>48329 Havixbeck, Germany",108,51.9766921,7.4197282
"Nachbarschaftshilfe Heilbad Heiligenstadt, Thüringen, Germany",Solidarische Nachbarschaft / solidary neighbourhood nr. 109,Heilbad Heiligenstadt,"Telegram: https://t.me/joinchat/Q6vMQRuccTNomy-mc-rmLQ<br><br>37308 Heilbad Heiligenstadt, Germany",109,51.37702969999999,10.1439107
"Nachbarschaftshilfe Jena, Thüringen, Germany",Solidarische Nachbarschaft / solidary neighbourhood nr. 110,Jena,"Telegram: https://t.me/CoronaJena<br><br>Jena, Germany",110,50.927054,11.5892372
"Nachbarschaftshilfe Kaiserslautern, Rheinland-Pfalz, Germany",Solidarische Nachbarschaft / solidary neighbourhood nr. 111,Kaiserslautern,"Telegram: https://t.me/gegenseitigehilfekl<br><br>Kaiserslautern, Germany",111,49.4400657,7.7491265
"Nachbarschaftshilfe Karlsruhe, Baden-Württemberg, Germany",Solidarische Nachbarschaft / solidary neighbourhood nr. 112,Karlsruhe,"Telegram: https://t.me/joinchat/Ehw9NxdAM5WbMDb9CL7gGw<br><br>Karlsruhe, Germany",112,49.0068901,8.4036527
"Nachbarschaftshilfe Kassel, Hessen, Germany",Solidarische Nachbarschaft / solidary neighbourhood nr. 113,Kassel,"Telegram: https://t.me/joinchat/IdF10kdcLesEP7hceRArnA<br><br>Kassel, Germany",113,51.3127114,9.4797461
"Nachbarschaftshilfe Kelkheim (Taunus), Hessen, Germany",Solidarische Nachbarschaft / solidary neighbourhood nr. 114,Kelkheim Taunus,"Telegram: https://t.me/kelkheimcorona<br><br>Taunus, 61479 Glashütten, Germany",114,50.2184749,8.417698999999999
"Nachbarschaftshilfe Köln, Nordrhein-Westfalen, Germany",Solidarische Nachbarschaft / solidary neighbourhood nr. 115,Köln,"* Telegram: https://t.me/CoronaSoliKoeln * Facebook: https://www.facebook.com/groups/871618459963541<br><br>Cologne, Germany",115,50.8993757,6.776658299999999
"Nachbarschaftshilfe Innenstadt, 50667, Köln, Nordrhein-Westfalen, Germany",Solidarische Nachbarschaft / solidary neighbourhood nr. 117,Köln,"Telegram: https://t.me/CORONA_Nachbarschaft_50678_Koeln<br><br>Innenstadt, Cologne, Germany",117,50.94102909999999,6.9577728
"Nachbarschaftshilfe Kalk, 51103, Köln, Nordrhein-Westfalen, Germany",Solidarische Nachbarschaft / solidary neighbourhood nr. 118,Köln,"* Allgemein Telegram: https://t.me/CoronaSoliKalk * Höhenberg Telegram: https://t.me/CoronaSoliHoehenberg<br><br>North Rhine-Westphalia, Germany",118,51.43323669999999,7.661593799999999
"Nachbarschaftshilfe Lindenthal, 50931, Köln, Nordrhein-Westfalen, Germany",Solidarische Nachbarschaft / solidary neighbourhood nr. 120,Köln,"* Allgemein Telegram: https://t.me/LindenthalSoliCorona * Sülz Telegram: https://t.me/SuelzSoliCorona<br><br>Lindenthal, Cologne, Germany",120,50.938242,6.844194600000001
"Nachbarschaftshilfe Köln Mülheim, 51063, Köln, Nordrhein-Westfalen, Germany",Solidarische Nachbarschaft / solidary neighbourhood nr. 122,Köln,"Telegram: https://t.me/koelnmuelhcorona<br><br>North Rhine-Westphalia, Germany",122,51.43323669999999,7.661593799999999
"Nachbarschaftshilfe Riehl, 50735, Köln, Nordrhein-Westfalen, Germany",Solidarische Nachbarschaft / solidary neighbourhood nr. 123,Köln,"Telegram: https://t.me/CoronaSoliRiehl<br><br>Riehl, Cologne, Germany",123,50.9632739,6.979807
"Nachbarschaftshilfe Rodenkirchen, 50996, Köln, Nordrhein-Westfalen, Germany",Solidarische Nachbarschaft / solidary neighbourhood nr. 124,Köln,"Telegram: https://t.me/RodenkirchensoligegenCorona<br><br>Rodenkirchen, Cologne, Germany",124,50.8924909,6.9672627
"Nachbarschaftshilfe Königswinter, Nordrhein-Westfalen, Germany",Solidarische Nachbarschaft / solidary neighbourhood nr. 125,Königswinter,"* Telegram: https://t.me/joinchat/KjRtVxixXhheQLUNvB2tvQ * Facebook: https://www.facebook.com/groups/524482044920857<br><br>Cologne, Germany",125,50.8993757,6.776658299999999
"Nachbarschaftshilfe Konstanz, Baden-Württemberg, Germany",Solidarische Nachbarschaft / solidary neighbourhood nr. 127,Konstanz,"Facebook: https://www.facebook.com/groups/639854800180782<br><br>Konstanz, Germany",127,47.6779496,9.173238399999999
"Nachbarschaftshilfe Lauenburg / Elbe, Schleswig-Holstein, Germany",Solidarische Nachbarschaft / solidary neighbourhood nr. 128,Lauenburg Elbe,"WhatsApp: https://chat.whatsapp.com/DY6KEE8fW4YH4cUbfFu4KJ<br><br>21481 Lauenburg, Germany",128,53.3762523,10.5496697
"Nachbarschaftshilfe Alt-West Leipzig, Sachsen, Germany Lindenau",Solidarische Nachbarschaft / solidary neighbourhood nr. 129,Leipzig,"Telegram: https://t.me/coronasupportlindenau<br><br>Leipzig, Germany",129,51.345559,12.386075
"Nachbarschaftshilfe Mitte Leipzig, Sachsen, Germany",Solidarische Nachbarschaft / solidary neighbourhood nr. 130,Leipzig,"Telegram: https://t.me/joinchat/PAcDohq4TCkrvqkznVnneQ<br><br>Leipzig, Germany",130,51.345559,12.386075
"Nachbarschaftshilfe Ost Leipzig, Sachsen, Germany",Solidarische Nachbarschaft / solidary neighbourhood nr. 131,Leipzig,"Telegram: https://t.me/leipzigostsolidarisch<br><br>Ost, Leipzig, Germany",131,51.3452053,12.4731
"Nachbarschaftshilfe Landshut, Bayern, Germany",Solidarische Nachbarschaft / solidary neighbourhood nr. 132,Landshut,"WhatsApp: https://chat.whatsapp.com/LlrXZyMvr0H5JdGPS6WaTx<br><br>Landshut, Germany",132,48.5441917,12.1468532
"Nachbarschaftshilfe Luckenwalde, Brandenburg, Germany",Solidarische Nachbarschaft / solidary neighbourhood nr. 133,Luckenwalde,"Telegram: https://t.me/luckenwalde<br><br>Luckenwalde, Germany",133,52.0903895,13.1636906
"Nachbarschaftshilfe Ludwigsburg, Baden-Württemberg, Germany",Solidarische Nachbarschaft / solidary neighbourhood nr. 134,Ludwigsburg,"Telegram: https://t.me/joinchat/IbMWVRqChJV6RcKwVghwzQ<br><br>Ludwigsburg, Germany",134,48.8940624,9.195464
"Nachbarschaftshilfe Lüneburg, Niedersachsen, Germany",Solidarische Nachbarschaft / solidary neighbourhood nr. 135,Lüneburg,"* Allgemein Telegram: https://t.me/SolidarischeNachbarschaftLG * Altstadt / Innenstadt Telegram: https://t.me/AltstadtInnenstadt * Bockelsberg Telegram: https://t.me/SolidarischAmBockelsberg * Frommekiez Telegram: https://t.me/joinchat/FGP6eh2TPpzqKB3JRc7VhQ * Kaltenmoor Telegram: https://t.me/joinchat/B8o-zBv2aLB0znQjM_yIcw * Moorfeld / Hanseviertel Telegram: https://t.me/joinchat/BVY51hO_o83yjEGK8Vs1Pg * Oedeme Telegram: https://t.me/OedemeHaecklingenRettmer * Rotes Feld Telegram: https://t.me/RotesFeld * Weststadt Telegram: https://t.me/solidarischeWeststadt<br><br>Lüneburg, Niedersachsen, Germany",135,53.250194,10.40675
"Nachbarschaftshilfe Mainz, Rheinland-Pfalz, Germany",Solidarische Nachbarschaft / solidary neighbourhood nr. 140,Mainz,"Telegram: https://t.me/joinchat/EM3PbknA8Dcbd6q6IMXTkw<br><br>Mainz, Germany",140,49.9928617,8.2472526
"Nachbarschaftshilfe Marburg, Hessen, Germany",Solidarische Nachbarschaft / solidary neighbourhood nr. 145,Marburg,"Telegram: https://t.me/NachbarschaftsChallengeMarburg<br><br>Marburg, Germany",145,50.8021728,8.7667933
"Nachbarschaftshilfe Mönchengladbach, Nordrhein-Westfalen, Germany",Solidarische Nachbarschaft / solidary neighbourhood nr. 146,Mönchengladbach,"Facebook: https://www.facebook.com/groups/202697341072654<br><br>North Rhine-Westphalia, Germany",146,51.43323669999999,7.661593799999999
"Nachbarschaftshilfe München, Bayern, Germany",Solidarische Nachbarschaft / solidary neighbourhood nr. 147,München,"Telegram: https://t.me/solidarischenachbarschaftmuc<br><br>München, Deutschland",147,48.142914,11.576848
"Nachbarschaftshilfe Neufahrn, Bayern, Germany",Solidarische Nachbarschaft / solidary neighbourhood nr. 148,Neufahrn bei Freising ,"Telegram: https://t.me/solidarischenachbarschaft<br><br>Neufahrn bei Freising, Germany",148,48.3149823,11.6617978
"Nachbarschaftshilfe Nürnberg, Bayern, Germany",Solidarische Nachbarschaft / solidary neighbourhood nr. 149,Nürnberg Nuremberg,"* Telegram: https://t.me/NachbarschaftshilfeNuernberg * WhatsApp: https://chat.whatsapp.com/CEmrinRRUsqDVgyojtyBCn<br><br>Nürnberg, Bayern, Germany",149,49.460115,11.091832
"Nachbarschaftshilfe Osnabrück, Niedersachsen, Germany",Solidarische Nachbarschaft / solidary neighbourhood nr. 151,Osnabrück,"* Allgemein Telegram: https://t.me/joinchat/F-OtAB0dW2z61JRb6PK5gg * Dodesheide Telegram: https://t.me/joinchat/QePX5RlPsASXsK2MyIaq1A * Gartlage Telegram: https://t.me/gartlagesolidarisch * Haste Telegram: https://t.me/joinchat/ABLMphXZOymTEncvFP0KmA * Hellern Telegram: http://t.me/solidarischinhellern * Innenstadt Telegram: https://t.me/innenstadtsolidarisch * Kalkhügel Telegram: https://t.me/joinchat/MGZamx2e812lo2A_X_EzKQ * Schinkel Telegram: https://t.me/joinchat/RGXmSBxRxss1tE0rYqXqsg * Schölerberg Telegram: https://t.me/joinchat/Aq1tdB1J-6mosAPI6TDh_Q * Sonnenhügel Telegram: https://t.me/joinchat/F-OtABVqC8W3LCmhENesMg * Sutthausen Telegram: https://t.me/joinchat/IvHZVhceoK89tTFqmoQCmg * Voxtrup Telegram: https://t.me/joinchat/PM5GJhutUh3ugUbWIsFUCA * Westerberg Telegram: https://t.me/solidaritaet_westerberg * Wüste Telegram: https://t.me/joinchat/KZlpfRvItm60yiiJMc2Qwg<br><br>Osnabrück, Germany",151,52.2799112,8.0471788
"Nachbarschaftshilfe Potsdam, Brandenburg, Germany",Solidarische Nachbarschaft / solidary neighbourhood nr. 165,Potsdam,"Facebook: https://www.facebook.com/groups/650048692493384<br><br>Potsdam, Germany",165,52.3905689,13.0644729
"Nachbarschaftshilfe Reutlingen, Baden-Württemberg, Germany",Solidarische Nachbarschaft / solidary neighbourhood nr. 166,Reutlingen,"Facebook: https://www.facebook.com/groups/nachbarschaftschallenge.reutlingen | Web: https://www.rosa-reutlingen.de/2020/03/14/nachbarschaftschallenge-reutlingen-solidaritaet-staerkt-uns-alle/<br><br>Reutlingen, Germany",166,48.50693889999999,9.2038043
"Nachbarschaftshilfe Riesa, Sachsen, Germany",Solidarische Nachbarschaft / solidary neighbourhood nr. 168,Riesa,"Telegram: https://t.me/CoronaSoliRiesa<br><br>Riesa, Germany",168,51.3117871,13.2677004
"Nachbarschaftshilfe Rodenkirchen, 26935, Stadland, Niedersachsen, Germany",Solidarische Nachbarschaft / solidary neighbourhood nr. 169,Rodenkirchen Stadland,"Facebook: https://www.facebook.com/groups/1520595048108000<br><br>Rodenkirchen, Cologne, Germany",169,50.8924909,6.9672627
"Nachbarschaftshilfe Rostock, Mecklenburg-Vorpommern, Germany Kröpeliner-Tor-Vorstadt",Solidarische Nachbarschaft / solidary neighbourhood nr. 170,Rostock,"Telegram: https://t.me/joinchat/HSsnSg8-hyhT0GSW0hW8HQ<br><br>Kröpeliner-Tor-Vorstadt, Rostock, Germany",170,54.0893296,12.1134627
"Nachbarschaftshilfe Schwabach, Bayern, Germany",Solidarische Nachbarschaft / solidary neighbourhood nr. 171,Schwabach,"Telegram: https://t.me/NachbarschaftshilfeSchwabach<br><br>91126 Schwabach, Germany",171,49.3288905,11.0244827
"Nachbarschaftshilfe Siegen, Nordrhein-Westfalen, Germany",Solidarische Nachbarschaft / solidary neighbourhood nr. 172,Siegen,"Facebook: https://www.facebook.com/Solidarit%C3%A4t-und-Nachbarschaft-SoliNa-100546638253991/<br><br>Siegen, Germany",172,50.8838492,8.020959099999999
"Nachbarschaftshilfe Stendal, Sachsen-Anhalt, Germany",Solidarische Nachbarschaft / solidary neighbourhood nr. 173,Stendal,"Telegram: https://t.me/stendal_solidarisch<br><br>39576 Stendal, Germany",173,52.6041444,11.8517729
"Nachbarschaftshilfe Stuhr, Niedersachsen, Germany",Solidarische Nachbarschaft / solidary neighbourhood nr. 174,Stuhr,"Facebook: https://www.facebook.com/groups/930103567408332<br><br>28816 Stuhr, Germany",174,53.0289775,8.7361402
"Nachbarschaftshilfe Süd Stuttgart, Baden-Württemberg, Germany",Solidarische Nachbarschaft / solidary neighbourhood nr. 175,Stuttgart,"Telegram: https://t.me/stuttgartsuedsolistatthamster<br><br>Stuttgart, Baden-Württemberg, Germany",175,48.7758459,9.1829321
"Nachbarschaftshilfe Winsen (Luhe), Niedersachsen, Germany",Solidarische Nachbarschaft / solidary neighbourhood nr. 176,Winsen (Luhe),"WhatsApp: https://chat.whatsapp.com/Fd4NCnauMCm7WU67kWAbCg<br><br>21423 Winsen, Germany",176,53.3574436,10.2127204
"Nachbarschaftshilfe Weingarten, Baden-Württemberg, Germany",Solidarische Nachbarschaft / solidary neighbourhood nr. 177,Weingarten,"Telegram: https://t.me/joinchat/EQxIUhszAeAcTZh4fP3Utw<br><br>88250 Weingarten, Germany",177,47.8096019,9.637983199999999
"Nachbarschaftshilfe Wiesbaden, Hessen, Germany",Solidarische Nachbarschaft / solidary neighbourhood nr. 200,Wiesbaden,"Telegram: https://t.me/joinchat/O10G-BpkG1akS53e-HjEHQ<br><br>Wiesbaden, Deutschland",200,50.0782184,8.239760799999999
